data_type,display_in_jbrowse,label,assayed_gene_product,technical_strain_background,alleles,mating_type,conditions,growth_phase_or_response,strand,assay_type,first_author,publication_year,pmed_id,study_id,DB,sample_id,ensembl_source_name,short_description,data_file_type,source_url
Genome sequence and features,yes,DNA sequence,,,WT,,,vegetative growth,,not specified,Wood,2002,11859360,not specified,,,,,,
Genome sequence and features,yes,PomBase forward strand features,,,WT,,,multiple (combined data),,not specified,Wood,2012,22039153,not specified,,,,,,
Genome sequence and features,yes,PomBase reverse strand features,,,WT,,,multiple (combined data),,not specified,Wood,2012,22039153,not specified,,,,,,
Chromatin binding,yes,"Arb1 chromatin binding sites in clr4delta mutant during vegetative growth, repeat 1 - Woolcock et al (2011)",arb1,,clr4delta,,,vegetative growth,,DamID,Woolcock,2011,21151114,GSE24360,GEO,GSM600395,"Chromatin binding - DamID / tiling array - Arb1 binding sites, clr4(delta), repeat 1 - Woolcock (2011)",,bigWig,https://www.pombase.org/external_datasets/GSE24360/GSE24360_expr_M_CorV2_22.bw
Chromatin binding,yes,"Arb1 chromatin binding sites in clr4delta mutant during vegetative growth, repeat 2 - Woolcock et al (2011)",arb1,,clr4delta,,,vegetative growth,,DamID,Woolcock,2011,21151114,GSE24360,GEO,GSM600397,"Chromatin binding - DamID / tiling array - Arb1 binding sites, clr4(delta), repeat 2 - Woolcock (2011)",,bigWig,https://www.pombase.org/external_datasets/GSE24360/GSE24360_expr_M_CorV2_24.bw
Chromatin binding,yes,"Arb1 chromatin binding sites in clr4delta mutant during vegetative growth, repeat 3 - Woolcock et al (2011)",arb1,,clr4delta,,,vegetative growth,,DamID,Woolcock,2011,21151114,GSE24360,GEO,GSM600400,"Chromatin binding - DamID / tiling array - Arb1 binding sites, clr4(delta), repeat 3 - Woolcock (2011)",,bigWig,https://www.pombase.org/external_datasets/GSE24360/GSE24360_expr_M_CorV2_27.bw
Chromatin binding,yes,"Arb1 chromatin binding sites during vegetative growth, repeat 1 - Woolcock et al (2011)",arb1,,WT,,,vegetative growth,,DamID,Woolcock,2011,21151114,GSE24360,GEO,GSM600386,"Chromatin binding - DamID / tiling array - Arb1 binding sites, repeat 1 - Woolcock (2011)",,bigWig,https://www.pombase.org/external_datasets/GSE24360/GSE24360_expr_M_CorV2_13.bw
Chromatin binding,yes,"Arb1 chromatin binding sites during vegetative growth, repeat 2 - Woolcock et al (2011)",arb1,,WT,,,vegetative growth,,DamID,Woolcock,2011,21151114,GSE24360,GEO,GSM600389,"Chromatin binding - DamID / tiling array - Arb1 binding sites, repeat 2 - Woolcock (2011)",,bigWig,https://www.pombase.org/external_datasets/GSE24360/GSE24360_expr_M_CorV2_16.bw
Chromatin binding,yes,"Arb1 chromatin binding sites during vegetative growth, repeat 3 - Woolcock et al (2011)",arb1,,WT,,,vegetative growth,,DamID,Woolcock,2011,21151114,GSE24360,GEO,GSM600392,"Chromatin binding - DamID / tiling array - Arb1 binding sites, repeat 3 - Woolcock (2011)",,bigWig,https://www.pombase.org/external_datasets/GSE24360/GSE24360_expr_M_CorV2_19.bw
Chromatin binding,yes,"Dcr1 chromatin binding sites clr4delta mutant during vegetative growth, repeat 1 - Woolcock et al (2011)",dcr1,,clr4delta,,,vegetative growth,,DamID,Woolcock,2011,21151114,GSE24360,GEO,GSM600394,"Chromatin binding - DamID / tiling array - Dcr1 binding sites, clr4(delta), repeat 1 - Woolcock (2011)",,bigWig,https://www.pombase.org/external_datasets/GSE24360/GSE24360_expr_M_CorV2_21.bw
Chromatin binding,yes,"Dcr1 chromatin binding sites in clr4delta mutant during vegetative growth, repeat 2 - Woolcock et al (2011)",dcr1,,clr4delta,,,vegetative growth,,DamID,Woolcock,2011,21151114,GSE24360,GEO,GSM600396,"Chromatin binding - DamID / tiling array - Dcr1 binding sites, clr4(delta), repeat 2 - Woolcock (2011)",,bigWig,https://www.pombase.org/external_datasets/GSE24360/GSE24360_expr_M_CorV2_23.bw
Chromatin binding,yes,"Dcr1 chromatin binding sites in clr4delta mutant during vegetative growth, repeat 3 - Woolcock et al (2011)",dcr1,,clr4delta,,,vegetative growth,,DamID,Woolcock,2011,21151114,GSE24360,GEO,GSM600399,"Chromatin binding - DamID / tiling array - Dcr1 binding sites, clr4(delta), repeat 3 - Woolcock (2011)",,bigWig,https://www.pombase.org/external_datasets/GSE24360/GSE24360_expr_M_CorV2_26.bw
Chromatin binding,yes,"Dcr1 chromatin binding sites during vegetative growth, repeat 1 - Woolcock et al (2011)",dcr1,,WT,,,vegetative growth,,DamID,Woolcock,2011,21151114,GSE24360,GEO,GSM600385,"Chromatin binding - DamID / tiling array - Dcr1 binding sites, repeat 1 - Woolcock (2011)",,bigWig,https://www.pombase.org/external_datasets/GSE24360/GSE24360_expr_M_CorV2_12.bw
Chromatin binding,yes,"Dcr1 chromatin binding sites during vegetative growth, repeat 2 - Woolcock et al (2011)",dcr1,,WT,,,vegetative growth,,DamID,Woolcock,2011,21151114,GSE24360,GEO,GSM600388,"Chromatin binding - DamID / tiling array - Dcr1 binding sites, repeat 2 - Woolcock (2011)",,bigWig,https://www.pombase.org/external_datasets/GSE24360/GSE24360_expr_M_CorV2_15.bw
Chromatin binding,yes,"Dcr1 chromatin binding sites during vegetative growth, repeat 3 - Woolcock et al (2011)",dcr1,,WT,,,vegetative growth,,DamID,Woolcock,2011,21151114,GSE24360,GEO,GSM600391,"Chromatin binding - DamID / tiling array - Dcr1 binding sites, repeat 3 - Woolcock (2011)",,bigWig,https://www.pombase.org/external_datasets/GSE24360/GSE24360_expr_M_CorV2_18.bw
Chromatin binding,yes,"Rdp1 chromatin binding sites in clr4delta mutant during vegetative growth, repeat 1 - Woolcock et al (2011)",rdp1,,clr4delta,,,vegetative growth,,DamID,Woolcock,2011,21151114,GSE24360,GEO,GSM600398,"Chromatin binding - DamID / tiling array - Rdp1 binding sites, clr4(delta), repeat 1 - Woolcock (2011)",,bigWig,https://www.pombase.org/external_datasets/GSE24360/GSE24360_expr_M_CorV2_25.bw
Chromatin binding,yes,"Rdp1 chromatin binding sites in clr4delta mutant during vegetative growth, repeat 2 - Woolcock et al (2011)",rdp1,,clr4delta,,,vegetative growth,,DamID,Woolcock,2011,21151114,GSE24360,GEO,GSM600401,"Chromatin binding - DamID / tiling array - Rdp1 binding sites, clr4(delta), repeat 2 - Woolcock (2011)",,bigWig,https://www.pombase.org/external_datasets/GSE24360/GSE24360_expr_M_CorV2_28.bw
Chromatin binding,yes,"Rdp1 chromatin binding sites in clr4delta mutant during vegetative growth, repeat 3 - Woolcock et al (2011)",rdp1,,clr4delta,,,vegetative growth,,DamID,Woolcock,2011,21151114,GSE24360,GEO,GSM600402,"Chromatin binding - DamID / tiling array - Rdp1 binding sites, clr4(delta), repeat 3 - Woolcock (2011)",,bigWig,https://www.pombase.org/external_datasets/GSE24360/GSE24360_expr_M_CorV2_29.bw
Chromatin binding,yes,"Rdp1 chromatin binding sites during vegetative growth, repeat 1 - Woolcock et al (2011)",rdp1,,WT,,,vegetative growth,,DamID,Woolcock,2011,21151114,GSE24360,GEO,GSM600387,"Chromatin binding - DamID / tiling array - Rdp1 binding sites, repeat 1 - Woolcock (2011)",,bigWig,https://www.pombase.org/external_datasets/GSE24360/GSE24360_expr_M_CorV2_14.bw
Chromatin binding,yes,"Rdp1 chromatin binding sites during vegetative growth, repeat 2 - Woolcock et al (2011)",rdp1,,WT,,,vegetative growth,,DamID,Woolcock,2011,21151114,GSE24360,GEO,GSM600390,"Chromatin binding - DamID / tiling array - Rdp1 binding sites, repeat 2 - Woolcock (2011)",,bigWig,https://www.pombase.org/external_datasets/GSE24360/GSE24360_expr_M_CorV2_17.bw
Chromatin binding,yes,"Rdp1 chromatin binding sites during vegetative growth, repeat 3 - Woolcock et al (2011)",rdp1,,WT,,,vegetative growth,,DamID,Woolcock,2011,21151114,GSE24360,GEO,GSM600393,"Chromatin binding - DamID / tiling array - Rdp1 binding sites, repeat 3 - Woolcock (2011)",,bigWig,https://www.pombase.org/external_datasets/GSE24360/GSE24360_expr_M_CorV2_20.bw
Chromatin binding,yes,"Swi6 chromatin binding sites in clr4delta mutant during vegetative growth, repeat 1 - Woolcock et al (2011)",swi6,,clr4delta,,,vegetative growth,,DamID,Woolcock,2011,21151114,GSE24360,GEO,GSM600375,"Chromatin binding - DamID / tiling array - Swi6 binding sites, clr4(delta), repeat 1 - Woolcock (2011)",,bigWig,https://www.pombase.org/external_datasets/GSE24360/GSE24360_expr_M_CorV2_02.bw
Chromatin binding,yes,"Swi6 chromatin binding sites in clr4delta mutant during vegetative growth, repeat 2 - Woolcock et al (2011)",swi6,,clr4delta,,,vegetative growth,,DamID,Woolcock,2011,21151114,GSE24360,GEO,GSM600378  ,"Chromatin binding - DamID / tiling array - Swi6 binding sites, clr4(delta), repeat 2 - Woolcock (2011)",,bigWig,https://www.pombase.org/external_datasets/GSE24360/GSE24360_expr_M_CorV2_05.bw
Chromatin binding,yes,"Swi6 chromatin binding sites in clr4delta mutant during vegetative growth, repeat 3 - Woolcock et al (2011)",swi6,,clr4delta,,,vegetative growth,,DamID,Woolcock,2011,21151114,GSE24360,GEO,GSM600381,"Chromatin binding - DamID / tiling array - Swi6 binding sites, clr4(delta), repeat 3 - Woolcock (2011)",,bigWig,https://www.pombase.org/external_datasets/GSE24360/GSE24360_expr_M_CorV2_08.bw
Chromatin binding,yes,"Swi6 chromatin binding sites in dcr1delta mutant during vegetative growth, repeat 2 - Woolcock et al (2011)",swi6,,dcr1delta,,,vegetative growth,,DamID,Woolcock,2011,21151114,GSE24360,GEO,GSM600384,"Chromatin binding - DamID / tiling array - Swi6 binding sites, dcr1(delta), repeat 2 - Woolcock (2011)",,bigWig,https://www.pombase.org/external_datasets/GSE24360/GSE24360_expr_M_CorV2_11.bw
Chromatin binding,yes,"Swi6 chromatin binding sites in dcr1delta mutant during vegetative growth, repeat 1 - Woolcock et al (2011)",swi6,,dcr1delta,,,vegetative growth,,DamID,Woolcock,2011,21151114,GSE24360,GEO,GSM600383,"Chromatin binding - DamID / tiling array - Swi6 binding sites, dcr1(delta), repeat 1 - Woolcock (2011)",,bigWig,https://www.pombase.org/external_datasets/GSE24360/GSE24360_expr_M_CorV2_10.bw
Chromatin binding,yes,"Swi6 chromatin binding sites during vegetative growth, (control channel:clr4delta) repeat 1 - Woolcock et al (2011)",swi6,,WT,,,vegetative growth,,DamID,Woolcock,2011,21151114,GSE24360,GEO,GSM600376,"Chromatin binding - DamID / tiling array - Swi6 binding sites, clr4(delta) used as experimental control, repeat 1 - Woolcock (2011)",,bigWig,https://www.pombase.org/external_datasets/GSE24360/GSE24360_expr_M_CorV2_03.bw
Chromatin binding,yes,"Swi6 chromatin binding sites during vegetative growth, (control channel: clr4delta) repeat 2 - Woolcock et al (2011)",swi6,,WT,,,vegetative growth,,DamID,Woolcock,2011,21151114,GSE24360,GEO,GSM600379,"Chromatin binding - DamID / tiling array - Swi6 binding sites, clr4(delta) used as experimental control, repeat 2 - Woolcock (2011)",,bigWig,https://www.pombase.org/external_datasets/GSE24360/GSE24360_expr_M_CorV2_06.bw
Chromatin binding,yes,"Swi6 chromatin binding sites during vegetative growth, (control channel: clr4delta) repeat 3 - Woolcock et al (2011)",swi6,,WT,,,vegetative growth,,DamID,Woolcock,2011,21151114,GSE24360,GEO,GSM600382,"Chromatin binding - DamID / tiling array - Swi6 binding sites, clr4(delta) used as experimental control, repeat 3 - Woolcock (2011)",,bigWig,https://www.pombase.org/external_datasets/GSE24360/GSE24360_expr_M_CorV2_09.bw
Chromatin binding,yes,"Swi6 chromatin binding sites during vegetative growth, (control channel: dam only) repeat 1 - Woolcock et al (2011)",swi6,,WT,,,vegetative growth,,DamID,Woolcock,2011,21151114,GSE24360,GEO,GSM600374,"Chromatin binding - DamID / tiling array - Swi6 binding sites, unfused Dam used as experimental control, repeat 1 - Woolcock (2011)",,bigWig,https://www.pombase.org/external_datasets/GSE24360/GSE24360_expr_M_CorV2_01.bw
Chromatin binding,yes,"Swi6 chromatin binding sites during vegetative growth, (control channel: dam only) repeat 2 - Woolcock et al (2011)",swi6,,WT,,,vegetative growth,,DamID,Woolcock,2011,21151114,GSE24360,GEO,GSM600377,"Chromatin binding - DamID / tiling array - Swi6 binding sites, unfused Dam used as experimental control, repeat 2 - Woolcock (2011)",,bigWig,https://www.pombase.org/external_datasets/GSE24360/GSE24360_expr_M_CorV2_04.bw
Chromatin binding,yes,"Swi6 chromatin binding sites during vegetative growth, (control channel: dam only) repeat 3 - Woolcock et al (2011)",swi6,,WT,,,vegetative growth,,DamID,Woolcock,2011,21151114,GSE24360,GEO,GSM600380,"Chromatin binding - DamID / tiling array - Swi6 binding sites, unfused Dam used as experimental control, repeat 3 - Woolcock (2011)",,bigWig,https://www.pombase.org/external_datasets/GSE24360/GSE24360_expr_M_CorV2_07.bw
Intron Branch Point,yes,Intron Branch Points - Bitton et al (2014),,,WT,,,vegetative growth,,RNA-Seq,Bitton,2014,24709818,not specified,,,Intron Branch Point - RNA-Seq - all data - Bitton (2014),,bed,https://www.pombase.org/external_datasets/Bitton_2014_intron_branch_point/BranchPoint_v2.bed.gz
Nucleosome positioning,yes,nucleosome positioning at 0h meiosis in pat1-114 background - Soriano et al (2013),,pat1-114,WT,diploid,,meiosis,,NGS,Soriano,2013,24256300,GSE41773,GEO,GSM1024000,"Nucleosome positioning - NGS - meiosis 0h, pat1.114, diploid - Soriano (2013)",,bigWig,https://www.pombase.org/external_datasets/GSE41773/GSM1024000_MN_Mei0h.bw
Nucleosome positioning,yes,nucleosome positioning at 3h meiosis in pat1-114 background - Soriano et al (2013),,pat1-114,WT,diploid,,meiosis,,NGS,Soriano,2013,24256300,GSE41773,GEO,GSM1024001,"Nucleosome positioning - NGS - meiosis 3h, pat1.114, diploid - Soriano (2013)",,bigWig,https://www.pombase.org/external_datasets/GSE41773/GSM1024001_MN_Mei3h.bw
Nucleosome positioning,yes,nucleosome positioning at 5h meiosis in pat1-114 background - Soriano et al (2013),,pat1-114,WT,diploid,,meiosis,,NGS,Soriano,2013,24256300,GSE41773,GEO,GSM1024002,"Nucleosome positioning - NGS - meiosis 5h, pat1.114, diploid - Soriano (2013)",,bigWig,https://www.pombase.org/external_datasets/GSE41773/GSM1024002_MN_Mei5h.bw
Nucleosome positioning,yes,nucleosome positioning during vegetative growth in diploid pat1-114 background - Soriano et al (2013),,pat1-114,WT,diploid,,vegetative growth,,NGS,Soriano,2013,24256300,GSE41773,GEO,GSM1024004,"Nucleosome positioning - NGS - mitosis, pat1.114, diploid - Soriano (2013)",,bigWig,https://www.pombase.org/external_datasets/GSE41773/GSM1024004_MN_Mit_pat1.114.bw
Nucleosome positioning,yes,nucleosome positioning in atf1delta mutant during vegetative growth - Soriano et al (2013),,,atf1delta,h+,,vegetative growth,,tiling microarray,Soriano,2013,24256300,GSE41773,GEO,GSM1023947,"Nucleosome positioning - tiling microarray - mitosis, atf1(delta), haploid - Soriano (2013)",,bigWig,https://www.pombase.org/external_datasets/GSE41773/GSM1023947_MN_atf1D.bw
Nucleosome positioning,yes,nucleosome positioning in pcr1delta mutant during vegetative growth - Soriano et al (2013),,,pcr1delta,h+,,vegetative growth,,tiling microarray,Soriano,2013,24256300,GSE41773,GEO,GSM1023948,"Nucleosome positioning - tiling microarray - mitosis, pcr1(delta), haploid - Soriano (2013)",,bigWig,https://www.pombase.org/external_datasets/GSE41773/GSM1023948_MN_pcr1D.bw
Nucleosome positioning,yes,nucleosome positioning during vegetative growth - Soriano et al (2013),,,WT,972h-,,vegetative growth,,tiling microarray,Soriano,2013,24256300,GSE41773,GEO,GSM1023946,"Nucleosome positioning - tiling microarray - mitosis, 972 h-, haploid (tiling microarray) - Soriano (2013)",,bigWig,https://www.pombase.org/external_datasets/GSE41773/GSM1023946_MN_Mit.bw
Nucleosome positioning,yes,nucleosome positioning during vegetative growth - Soriano et al (2013),,,WT,972 h-,,vegetative growth,,NGS,Soriano,2013,24256300,GSE41773,GEO,GSM1024003,"Nucleosome positioning - NGS - mitosis, 972 h-, haploid (NGS) - Soriano (2013)",,bigWig,https://www.pombase.org/external_datasets/GSE41773/GSM1024003_MN_Mit.bw
Poly(A) sites,yes,Poly(A) sites during exponential growth (forward strand) - Mata(2013),,,WT,972h-,,vegetative growth,forward strand,mRNA end sequencing,Mata,2013,23900342,not specified,,,Poly(A) sites - mRNA end sequencing - 972 h- (forward strand) - Mata (2013),,bigWig,https://www.pombase.org/external_datasets/JuanMata_polyA/polyA_plus.bw
Poly(A) sites,yes,Poly(A) sites during exponential growth (reverse strand) - Mata (2013),,,WT,972h-,,vegetative growth,reverse strand,mRNA end sequencing,Mata,2013,23900342,not specified,,,Poly(A) sites - mRNA end sequencing - 972 h- (reverse strand) - Mata (2013),,bigWig,https://www.pombase.org/external_datasets/JuanMata_polyA/polyA_minus.bw
Poly(A) sites,no,Poly(A) sites during exponential growth (reverse strand) - Schlackow et al (2013),,,WT,,,vegetative growth,reverse strand,RNA-Seq,Schlackow,2013,24152550,not specified,,,Poly(A) sites - RNA-Seq - strand specific cycling (reverse strand) - Schlackow (2013),,bigWig,https://www.pombase.org/external_datasets/MSchlackow_polyA/Strandspecific_cycling_N.bw
Poly(A) sites,no,Poly(A) sites during exponential growth (forward strand) - Schlackow et al (2013),,,WT,,,vegetative growth,forward strand,RNA-Seq,Schlackow,2013,24152550,not specified,,,Poly(A) sites - RNA-Seq - strand specific cycling (forward strand) - Schlackow (2013),,bigWig,https://www.pombase.org/external_datasets/MSchlackow_polyA/Strandspecific_cycling_P.bw
Poly(A) sites,yes,"Poly(A) sites, all data (forward strand) - Schlackow et al (2013)",,,WT,,,multiple (combined data),forward strand,RNA-Seq,Schlackow,2013,24152550,not specified,,,Poly(A) sites - RNA-Seq - all data (forward strand) - Schlackow (2013),,bigWig,https://www.pombase.org/external_datasets/MSchlackow_polyA/All_combined_P.bw
Poly(A) sites,yes,"Poly(A) sites, all data (reverse strand) - Schlackow et al (2013)",,,WT,,,multiple (combined data),reverse strand,RNA-Seq,Schlackow,2013,24152550,not specified,,,Poly(A) sites - RNA-Seq - all data (reverse strand) - Schlackow (2013),,bigWig,https://www.pombase.org/external_datasets/MSchlackow_polyA/All_combined_N.bw
Poly(A) sites,yes,"Poly(A) sites, all strand-specific data (forward strand) - Schlackow et al (2013)",,,WT,,,multiple (combined data),forward strand,RNA-Seq,Schlackow,2013,24152550,not specified,,,Poly(A) sites - RNA-Seq - all strand-specific data (forward strand) - Schlackow (2013),,bigWig,https://www.pombase.org/external_datasets/MSchlackow_polyA/All_strandspecific_combined_P.bw
Poly(A) sites,yes,"Poly(A) sites, all strand-specific data (reverse strand) - Schlackow et al (2013)",,,WT,,,multiple (combined data),reverse strand,RNA-Seq,Schlackow,2013,24152550,not specified,,,Poly(A) sites - RNA-Seq - all strand-specific data (reverse strand) - Schlackow (2013),,bigWig,https://www.pombase.org/external_datasets/MSchlackow_polyA/All_strandspecific_combined_N.bw
Poly(A) sites,yes,Poly(A) sites during meiotic arrest in pat1-114 background (forward strand) - Schlackow et al (2013),,pat1-114,WT,diploid,high temperature,meiosis,forward strand,RNA-Seq,Schlackow,2013,24152550,not specified,,,"Poly(A) sites - RNA-Seq - meiotic arrest, pat1-114 diploid (forward strand) - Schlackow (2013)",,bigWig,https://www.pombase.org/external_datasets/MSchlackow_polyA/meiosis_arrested_P.bw
Poly(A) sites,yes,Poly(A) sites during meiotic arrest in pat1-114 background (reverse strand) - Schlackow et al (2013),,pat1-114,WT,diploid,high temperature,meiosis,reverse strand,RNA-Seq,Schlackow,2013,24152550,not specified,,,"Poly(A) sites - RNA-Seq - meiotic arrest, pat1-114 diploid (reverse strand) - Schlackow (2013)",,bigWig,https://www.pombase.org/external_datasets/MSchlackow_polyA/meiosis_arrested_N.bw
Poly(A) sites,yes,Poly(A) sites during quiescence 24h (forward strand) - Schlackow et al (2013),,,WT,972h-,nitrogen starvation,quiescence,forward strand,RNA-Seq,Schlackow,2013,24152550,not specified,,,"Poly(A) sites - RNA-Seq - quiescence 24h, 972 h- (forward strand) - Schlackow (2013)",,bigWig,https://www.pombase.org/external_datasets/MSchlackow_polyA/quiescence_arrested_24h_nitrogen_depletion_P.bw
Poly(A) sites,yes,Poly(A) sites during quiescence 24h (reverse strand) - Schlackow et al (2013),,,WT,972h-,nitrogen starvation,quiescence,reverse strand,RNA-Seq,Schlackow,2013,24152550,not specified,,,"Poly(A) sites - RNA-Seq - quiescence 24h, 972 h- (reverse strand) - Schlackow (2013)",,bigWig,https://www.pombase.org/external_datasets/MSchlackow_polyA/quiescence_arrested_24h_nitrogen_depletion_N.bw
Poly(A) sites,yes,Poly(A) sites during quiescence 7d (forward strand) - Schlackow et al (2013),,,WT,972h-,nitrogen starvation,quiescence,forward strand,RNA-Seq,Schlackow,2013,24152550,not specified,,,"Poly(A) sites - RNA-Seq - quiescence 7d, 972 h- (forward strand) - Schlackow (2013)",,bigWig,https://www.pombase.org/external_datasets/MSchlackow_polyA/quiescence_arreseted_7days_nitrogen_depletion_P.bw
Poly(A) sites,yes,Poly(A) sites during quiescence 7d (reverse strand) - Schlackow et al (2013),,,WT,972h-,nitrogen starvation,quiescence,reverse strand,RNA-Seq,Schlackow,2013,24152550,not specified,,,"Poly(A) sites - RNA-Seq - quiescence 7d, 972 h- (reverse strand) - Schlackow (2013)",,bigWig,https://www.pombase.org/external_datasets/MSchlackow_polyA/quiescence_arreseted_7days_nitrogen_depletion_N.bw
Poly(A) sites,yes,Poly(A) sites (non-strand-specific) during exponential growth (forward strand) - Schlackow et al (2013),,,WT,972h-,,vegetative growth,forward strand,RNA-Seq,Schlackow,2013,24152550,not specified,,,"Poly(A) sites - RNA-Seq - cycling, non-strand-specific, 972 h- (forward strand) - Schlackow (2013)",,bigWig,https://www.pombase.org/external_datasets/MSchlackow_polyA/Nonstrandspecific_cycling_P.bw
Poly(A) sites,yes,Poly(A) sites (non-strand-specific) during exponential growth (reverse strand) - Schlackow et al (2013),,,WT,972h-,,vegetative growth,reverse strand,RNA-Seq,Schlackow,2013,24152550,not specified,,,"Poly(A) sites - RNA-Seq - cycling, non-strand-specific, 972 h- (reverse strand) - Schlackow (2013)",,bigWig,https://www.pombase.org/external_datasets/MSchlackow_polyA/Nonstrandspecific_cycling_N.bw
Replication origins,yes,Replication origins in cells synchronized by cdc25-ts block/release and hydroxyurea arrest - Xu et al (2012),,cdc25-22,WT,,hydroxyurea,vegetative growth,,HT sequencing,Xu,2012,22531001,not specified,,,"Replication origins - HT sequencing - cdc25-ts, block/release, +HU - Xu (2012)",,bigWig,https://www.pombase.org/external_datasets/NRhind_RepProfile/NRhind_cdc25-22.bw
Replication origins,yes,Replication origins in dfp1-3A mutant synchronized by elutriation and hydroxyurea arrest - Xu et al (2012),,,dfp1-3A,,hydroxyurea,vegetative growth,,HT sequencing,Xu,2012,22531001,not specified,,,"Replication origins - HT sequencing - dfp1-3A, elutriation, +HU - Xu (2012)",,bigWig,https://www.pombase.org/external_datasets/NRhind_RepProfile/NRhind_dfp1-3A.bw
Replication origins,yes,Replication origins in cells synchronized by elutriation and hydroxyurea arrest - Xu et al (2012),,,WT,,hydroxyurea,vegetative growth,,HT sequencing,Xu,2012,22531001,not specified,,,"Replication origins - HT sequencing - wild type, elutriation, +HU - Xu (2012)",,bigWig,https://www.pombase.org/external_datasets/NRhind_RepProfile/NRhind_WT.bw
Transcripts,yes,Poly(A)+ transcripts during quiescence (repeat 1) - Marguerat et al (2012),,,WT,972h-,24h nitrogen starvation,quiescence,,RNA-Seq,Marguerat,2012,23101633,E-MTAB-1154,Arrayexpress,,Transcripts - RNA-Seq - Quiescent cells (repeat 1) poly(A)+ RNA - Marguerat (2012),Grown for 24h in EMM medium without nitrogen source,bigWig,https://www.pombase.org/external_datasets/ERP001483/ERS146820.bw
Transcripts,yes,Poly(A)+ transcripts during quiescence (repeat 2) - Marguerat et al (2012),,,WT,972h-,24h nitrogen starvation,quiescence,,RNA-Seq,Marguerat,2012,23101633,E-MTAB-1154,Arrayexpress,,Transcripts - RNA-Seq - Quiescent cells (repeat 2) poly(A)+ RNA - Marguerat (2012),Grown for 24h in EMM medium without nitrogen source,bigWig,https://www.pombase.org/external_datasets/ERP001483/ERS146822.bw
Transcripts,yes,Poly(A)+ transcripts during vegetative growth (repeat 1)  - Marguerat et al (2012),,,WT,972h-,glucose MM,vegetative growth,,RNA-Seq,Marguerat,2012,23101633,E-MTAB-1154,Arrayexpress,,Transcripts - RNA-Seq - Proliferating cells (repeat 1) poly(A)+ RNA - Marguerat (2012),Grown in log phase in EMM medium,bigWig,https://www.pombase.org/external_datasets/ERP001483/ERS146823.bw
Transcripts,yes,Poly(A)+ transcripts during vegetative growth (repeat 2) - Marguerat et al (2012),,,WT,972h-,glucose MM,vegetative growth,,RNA-Seq,Marguerat,2012,23101633,E-MTAB-1154,Arrayexpress,,Transcripts - RNA-Seq - Proliferating cells (repeat 2) poly(A)+ RNA - Marguerat (2012),Grown in log phase in EMM medium,bigWig,https://www.pombase.org/external_datasets/ERP001483/ERS146824.bw
Transcripts,yes,Total transcripts during vegetative growth (repeat 1) - Marguerat et al (2012),,,WT,972h-,glucose MM,vegetative growth,,RNA-Seq,Marguerat,2012,23101633,E-MTAB-1154,Arrayexpress,,Transcripts - RNA-Seq - Proliferating cells (repeat 1) total RNA - Marguerat (2012),Grown in log phase in EMM medium,bigWig,https://www.pombase.org/external_datasets/ERP001483/ERS146819.bw
Transcripts,yes,Total transcripts during vegetative growth (repeat 2) - Marguerat et al (2012),,,WT,972h-,glucose MM,vegetative growth,,RNA-Seq,Marguerat,2012,23101633,E-MTAB-1154,Arrayexpress,,Transcripts - RNA-Seq - Proliferating cells (repeat 2) total RNA - Marguerat (2012),Grown in log phase in EMM medium,bigWig,https://www.pombase.org/external_datasets/ERP001483/ERS146821.bw
Transcripts,yes,Total transcripts in quiescent cells (repeat 1) - Marguerat et al (2012),,,WT,972h-,24h nitrogen starvation,quiescence,,RNA-Seq,Marguerat,2012,23101633,E-MTAB-1154,Arrayexpress,,Transcripts - RNA-Seq - Quiescent cells (repeat 1) total RNA - Marguerat (2012),Grown for 24h in EMM medium without nitrogen source,bigWig,https://www.pombase.org/external_datasets/ERP001483/ERS146817.bw
Transcripts,yes,Total transcripts in quiescent cells (repeat 2) - Marguerat et al (2012),,,WT,972h-,24h nitrogen starvation,quiescence,,RNA-Seq,Marguerat,2012,23101633,E-MTAB-1154,Arrayexpress,,Transcripts - RNA-Seq - Quiescent cells (repeat 2) total RNA - Marguerat (2012),Grown for 24h in EMM medium without nitrogen source,bigWig,https://www.pombase.org/external_datasets/ERP001483/ERS146818.bw
Transcripts,no,"Transcripts, all data (forward strand) - Rhind et al (2011)",,,WT,,,,,RNA-Seq,Rhind,2011,21511999,not specified,,,Transcripts - RNA-Seq - all data (forward strand) - Rhind (2011),,rnaseq,https://www.pombase.org/external_datasets/NRhind_Transcriptome/Spom_all_61G9EAAXX_and_61G9UAAXX.+.sorted.bam
Transcripts,yes,"Transcripts, all data (forward strand) - Rhind et al (2011)",,,WT,,,multiple (combined data),forward strand,RNA-Seq,Rhind,2011,21511999,not specified,,,Transcripts - RNA-Seq - all data (forward strand) - Rhind (2011),,bigwig,https://www.pombase.org/external_datasets/NRhind_Transcriptome/Spom_all_61G9EAAXX_and_61G9UAAXX.+.sorted.bw
Transcripts,no,"Transcripts, all data (reverse strand) - Rhind et al (2011)",,,WT,,,,,RNA-Seq,Rhind,2011,21511999,not specified,,,Transcripts - RNA-Seq - all data (reverse strand) - Rhind (2011),,rnaseq,https://www.pombase.org/external_datasets/NRhind_Transcriptome/Spom_all_61G9EAAXX_and_61G9UAAXX.-.sorted.bam
Transcripts,yes,"Transcripts, all data (reverse strand) - Rhind et al (2011)",,,WT,,,multiple (combined data),reverse strand,RNA-Seq,Rhind,2011,21511999,not specified,,,Transcripts - RNA-Seq - all data (reverse strand) - Rhind (2011),,bigwig,https://www.pombase.org/external_datasets/NRhind_Transcriptome/Spom_all_61G9EAAXX_and_61G9UAAXX.-.sorted.bw
Transcripts,no,Transcripts during early stationary phase (forward strand) - Rhind et al (2011),,,WT,,,,,RNA-Seq,Rhind,2011,21511999,not specified,,,Transcripts - RNA-Seq - stationary phase (forward strand) - Rhind (2011),,rnaseq,https://www.pombase.org/external_datasets/NRhind_Transcriptome/Spom_plat_61G9EAAXX_and_61G9UAAXX.+.sorted.bam
Transcripts,yes,Transcripts during early stationary phase (forward strand) - Rhind et al (2011),,,WT,,,stationary phase,forward strand,RNA-Seq,Rhind,2011,21511999,not specified,,,Transcripts - RNA-Seq - stationary phase (forward strand) - Rhind (2011),,bigwig,https://www.pombase.org/external_datasets/NRhind_Transcriptome/Spom_plat_61G9EAAXX_and_61G9UAAXX.+.sorted.bw
Transcripts,no,Transcripts during early stationary phase (reverse strand) - Rhind et al (2011),,,WT,,,,,RNA-Seq,Rhind,2011,21511999,not specified,,,Transcripts - RNA-Seq - stationary phase (reverse strand) - Rhind (2011),,rnaseq,https://www.pombase.org/external_datasets/NRhind_Transcriptome/Spom_plat_61G9EAAXX_and_61G9UAAXX.-.sorted.bam
Transcripts,yes,Transcripts during early stationary phase (reverse strand) - Rhind et al (2011),,,WT,,,stationary phase,reverse strand,RNA-Seq,Rhind,2011,21511999,not specified,,,Transcripts - RNA-Seq - stationary phase (reverse strand) - Rhind (2011),,bigwig,https://www.pombase.org/external_datasets/NRhind_Transcriptome/Spom_plat_61G9EAAXX_and_61G9UAAXX.-.sorted.bw
Transcripts,yes,Transcripts during glucose starvation (forward strand) - Rhind et al (2011),,,WT,,,glucose starvation,forward strand,RNA-Seq,Rhind,2011,21511999,not specified,,,Transcripts - RNA-Seq - glucose depletion (forward strand) - Rhind (2011),,bigwig,https://www.pombase.org/external_datasets/NRhind_Transcriptome/Spom_ds_61G9EAAXX_and_61G9UAAXX.+.sorted.bw
Transcripts,no,Transcripts during glucose starvation (reverse strand) - Rhind et al (2011),,,WT,,,,,RNA-Seq,Rhind,2011,21511999,not specified,,,Transcripts - RNA-Seq - glucose depletion (forward strand) - Rhind (2011),,rnaseq,https://www.pombase.org/external_datasets/NRhind_Transcriptome/Spom_ds_61G9EAAXX_and_61G9UAAXX.+.sorted.bam
Transcripts,no,Transcripts during glucose starvation (reverse strand) - Rhind et al (2011),,,WT,,,,,RNA-Seq,Rhind,2011,21511999,not specified,,,Transcripts - RNA-Seq - glucose depletion (reverse strand) - Rhind (2011),,rnaseq,https://www.pombase.org/external_datasets/NRhind_Transcriptome/Spom_ds_61G9EAAXX_and_61G9UAAXX.-.sorted.bam
Transcripts,yes,Transcripts during glucose starvation (reverse strand) - Rhind et al (2011),,,WT,,,glucose starvation,reverse strand,RNA-Seq,Rhind,2011,21511999,not specified,,,Transcripts - RNA-Seq - glucose depletion (reverse strand) - Rhind (2011),,bigwig,https://www.pombase.org/external_datasets/NRhind_Transcriptome/Spom_ds_61G9EAAXX_and_61G9UAAXX.-.sorted.bw
Transcripts,no,Transcripts during heat shock (forward strand) - Rhind et al (2011),,,WT,,,,,RNA-Seq,Rhind,2011,21511999,not specified,,,Transcripts - RNA-Seq - heat shock (forward strand) - Rhind (2011),,rnaseq,https://www.pombase.org/external_datasets/NRhind_Transcriptome/Spom_hs_61G9EAAXX_and_61G9UAAXX.+.sorted.bam
Transcripts,yes,Transcripts during heat shock (forward strand) - Rhind et al (2011),,,WT,,,heat shock,forward strand,RNA-Seq,Rhind,2011,21511999,not specified,,,Transcripts - RNA-Seq - heat shock (forward strand) - Rhind (2011),,bigwig,https://www.pombase.org/external_datasets/NRhind_Transcriptome/Spom_hs_61G9EAAXX_and_61G9UAAXX.+.sorted.bw
Transcripts,no,Transcripts during heat shock (reverse strand) - Rhind et al (2011),,,WT,,,,,RNA-Seq,Rhind,2011,21511999,not specified,,,Transcripts - RNA-Seq - heat shock (reverse strand) - Rhind (2011),,rnaseq,https://www.pombase.org/external_datasets/NRhind_Transcriptome/Spom_hs_61G9EAAXX_and_61G9UAAXX.-.sorted.bam
Transcripts,yes,Transcripts during heat shock (reverse strand) - Rhind et al (2011),,,WT,,,heat shock,reverse strand,RNA-Seq,Rhind,2011,21511999,not specified,,,Transcripts - RNA-Seq - heat shock (reverse strand) - Rhind (2011),,bigwig,https://www.pombase.org/external_datasets/NRhind_Transcriptome/Spom_hs_61G9EAAXX_and_61G9UAAXX.-.sorted.bw
Transcripts,no,Transcripts during vegetative growth (forward strand) - Rhind et al (2011),,,WT,,,,,RNA-Seq,Rhind,2011,21511999,not specified,,,Transcripts - RNA-Seq - log phase (forward strand) - Rhind (2011),,rnaseq,https://www.pombase.org/external_datasets/NRhind_Transcriptome/Spom_log_61G9EAAXX_and_61G9UAAXX.+.sorted.bam
Transcripts,yes,Transcripts during vegetative growth (forward strand) - Rhind et al (2011),,,WT,,,vegetative growth,forward strand,RNA-Seq,Rhind,2011,21511999,not specified,,,Transcripts - RNA-Seq - log phase (forward strand) - Rhind (2011),,bigwig,https://www.pombase.org/external_datasets/NRhind_Transcriptome/Spom_log_61G9EAAXX_and_61G9UAAXX.+.sorted.bw
Transcripts,no,Transcripts during vegetative growth (reverse strand) - Rhind et al (2011),,,WT,,,,,RNA-Seq,Rhind,2011,21511999,not specified,,,Transcripts - RNA-Seq - log phase (reverse strand) - Rhind (2011),Log Phase mapped to the forward strand,rnaseq,https://www.pombase.org/external_datasets/NRhind_Transcriptome/Spom_log_61G9EAAXX_and_61G9UAAXX.-.sorted.bam
Transcripts,yes,Transcripts during vegetative growth (reverse strand) - Rhind et al (2011),,,WT,,,vegetative growth,reverse strand,RNA-Seq,Rhind,2011,21511999,not specified,,,Transcripts - RNA-Seq - log phase (reverse strand) - Rhind (2011),Log Phase mapped to the forward strand,bigwig,https://www.pombase.org/external_datasets/NRhind_Transcriptome/Spom_log_61G9EAAXX_and_61G9UAAXX.-.sorted.bw
Transcripts,yes,Transcripts during meiosis 0h in pat1-114 background (forward strand) - Soriano et al (2013),,pat1-114,WT,diploid,,meiosis,forward strand,tiling microarray,Soriano,2013,24256300,GSE41773,GEO,GSM1023949,"Transcripts - tiling microarray - meiosis 0h, pat1.114, diploid (forward strand) - Soriano (2013)",,bigWig,https://www.pombase.org/external_datasets/GSE41773/GSM1023949_RNA_Mei0h_N.bw
Transcripts,yes,Transcripts during meiosis 0h in pat1-114 background (reverse strand) - Soriano et al (2013),,pat1-114,WT,diploid,,meiosis,reverse strand,tiling microarray,Soriano,2013,24256300,GSE41773,GEO,GSM1023949,"Transcripts - tiling microarray - meiosis 0h, pat1.114, diploid (reverse strand) - Soriano (2013)",,bigWig,https://www.pombase.org/external_datasets/GSE41773/GSM1023949_RNA_Mei0h_P.bw
Transcripts,yes,Transcripts during meiosis 3h in pat1-114 background (forward strand) - Soriano et al (2013),,pat1-114,WT,diploid,,meiosis,forward strand,tiling microarray,Soriano,2013,24256300,GSE41773,GEO,GSM1023950,"Transcripts - tiling microarray - meiosis 3h, pat1.114, diploid (forward strand) - Soriano (2013)",,bigWig,https://www.pombase.org/external_datasets/GSE41773/GSM1023950_RNA_Mei3h_N.bw
Transcripts,yes,Transcripts during meiosis 3h in pat1-114 background (reverse strand) - Soriano et al (2013),,pat1-114,WT,diploid,,meiosis,reverse strand,tiling microarray,Soriano,2013,24256300,GSE41773,GEO,GSM1023950,"Transcripts - tiling microarray - meiosis 3h, pat1.114, diploid (reverse strand) - Soriano (2013)",,bigWig,https://www.pombase.org/external_datasets/GSE41773/GSM1023950_RNA_Mei3h_P.bw
Transcripts,yes,Transcripts during meiosis 5h in pat1-114 background (forward strand) - Soriano et al (2013),,pat1-114,WT,diploid,,meiosis,forward strand,tiling microarray,Soriano,2013,24256300,GSE41773,GEO,GSM1023951,"Transcripts - tiling microarray - meiosis 5h, pat1.114, diploid (forward strand) - Soriano (2013)",,bigWig,https://www.pombase.org/external_datasets/GSE41773/GSM1023951_RNA_Mei5h_N.bw
Transcripts,yes,Transcripts during meiosis 5h in pat1-114 background (reverse strand) - Soriano et al (2013),,pat1-114,WT,diploid,,meiosis,reverse strand,tiling microarray,Soriano,2013,24256300,GSE41773,GEO,GSM1023951,"Transcripts - tiling microarray - meiosis 5h, pat1.114, diploid (reverse strand) - Soriano (2013)",,bigWig,https://www.pombase.org/external_datasets/GSE41773/GSM1023951_RNA_Mei5h_P.bw
Transcripts,yes,Transcripts during vegetative growth (forward strand) - Soriano et al (2013),,,WT,972h-,,vegetative growth,forward strand,tiling microarray,Soriano,2013,24256300,GSE41773,GEO,GSM1023953,"Transcripts - tiling microarray - mitosis, 972h-, haploid (forward strand) - Soriano (2013)",,bigWig,https://www.pombase.org/external_datasets/GSE41773/GSM1023953_RNA_Mit_N.bw
Transcripts,yes,Transcripts during vegetative growth (reverse strand) - Soriano et al (2013),,,WT,972h-,,vegetative growth,reverse strand,tiling microarray,Soriano,2013,24256300,GSE41773,GEO,GSM1023953,"Transcripts - tiling microarray - mitosis, 972h-, haploid (reverse strand) - Soriano (2013)",,bigWig,https://www.pombase.org/external_datasets/GSE41773/GSM1023953_RNA_Mit_P.bw
Transcripts,yes,Transcripts in atf1delta mutant (forward strand) - Soriano et al (2013),,,atf1delta,h+,,vegetative growth,forward strand,tiling microarray,Soriano,2013,24256300,GSE41773,GEO,GSM1023954,"Transcripts - tiling microarray - mitosis, atf1(delta), haploid (forward strand) - Soriano (2013)",,bigWig,https://www.pombase.org/external_datasets/GSE41773/GSM1023954_RNA_atf1D_N.bw
Transcripts,yes,Transcripts in atf1delta mutant (reverse strand) - Soriano et al (2013),,,atf1delta,h+,,vegetative growth,reverse strand,tiling microarray,Soriano,2013,24256300,GSE41773,GEO,GSM1023954,"Transcripts - tiling microarray - mitosis, atf1(delta), haploid (reverse strand) - Soriano (2013)",,bigWig,https://www.pombase.org/external_datasets/GSE41773/GSM1023954_RNA_atf1D_P.bw
Transcripts,yes,Transcripts in diploid vegetative pat1-114 (forward strand) - Soriano et al (2013),,pat1-114,WT,diploid,,vegetative growth,forward strand,tiling microarray,Soriano,2013,24256300,GSE41773,GEO,GSM1023952,"Transcripts - tiling microarray - mitosis, pat1.114, diploid (forward strand) - Soriano (2013)",,bigWig,https://www.pombase.org/external_datasets/GSE41773/GSM1023952_RNA_Mit_pat1.114_N.bw
Transcripts,yes,Transcripts in diploid vegetative pat1-114 (reverse strand) - Soriano et al (2013),,pat1-114,WT,diploid,,vegetative growth,reverse strand,tiling microarray,Soriano,2013,24256300,GSE41773,GEO,GSM1023952,"Transcripts - tiling microarray - mitosis, pat1.114, diploid (reverse strand) - Soriano (2013)",,bigWig,https://www.pombase.org/external_datasets/GSE41773/GSM1023952_RNA_Mit_pat1.114_P.bw
Transcripts,yes,Transcripts in pcr1delta mutant (forward strand) - Soriano et al (2013),,,pcr1delta,h+,,vegetative growth,forward strand,tiling microarray,Soriano,2013,24256300,GSE41773,GEO,GSM1023955,"Transcripts - tiling microarray - mitosis, pcr1(delta), haploid (forward strand) - Soriano (2013)",,bigWig,https://www.pombase.org/external_datasets/GSE41773/GSM1023955_RNA_pcr1D_N.bw
Transcripts,yes,Transcripts in pcr1delta mutant (reverse strand) - Soriano et al (2013),,,pcr1delta,h+,,vegetative growth,reverse strand,tiling microarray,Soriano,2013,24256300,GSE41773,GEO,GSM1023955,"Transcripts - tiling microarray - mitosis, pcr1(delta), haploid (reverse strand) - Soriano (2013)",,bigWig,https://www.pombase.org/external_datasets/GSE41773/GSM1023955_RNA_pcr1D_P.bw
Transcripts,yes,"Poly(A)+ transcripts during vegetative growth, repeat 1 - Wilhelm et al (2012)",,,WT,972h-,"YES, standard temperature",vegetative growth,,RNA-Seq,Wilhelm,2012,18488015,E-MTAB-5,Arrayexpress,ERS078453,Transcripts - RNA-Seq - ILease15_16Spombe_cDNA (ERS078453) - Wilhelm (2008),High throughput sequenceing of fission yeast to survey the dynamic repertoire of a eukaryotic transcriptome at the single nucleotide resolution,bigWig,https://www.pombase.org/external_datasets/ERP001075/ERS078453.bw
Transcripts,yes,"Poly(A)+ transcripts during vegetative growth, repeat 2 - Wilhelm et al (2012)",,,WT,972h-,"YES, standard temperature",vegetative growth,,RNA-Seq,Wilhelm,2012,18488015,E-MTAB-5,Arrayexpress,ERS078459,Transcripts - RNA-Seq - run30_s7_Spombe_cDNA (ERS078459) - Wilhelm (2008),High throughput sequenceing of fission yeast to survey the dynamic repertoire of a eukaryotic transcriptome at the single nucleotide resolution,bigWig,https://www.pombase.org/external_datasets/ERP001075/ERS078459.bw
Transcripts,yes,"Poly(A)+ transcripts during vegetative growth, repeat 3 - Wilhelm et al (2012)",,,WT,972h-,"YES, standard temperature",vegetative growth,,RNA-Seq,Wilhelm,2012,18488015,E-MTAB-5,Arrayexpress,ERS078439,Transcripts - RNA-Seq - run30_s8_Spombe_cDNA (ERS078439) - Wilhelm (2008),High throughput sequenceing of fission yeast to survey the dynamic repertoire of a eukaryotic transcriptome at the single nucleotide resolution,bigWig,https://www.pombase.org/external_datasets/ERP001075/ERS078439.bw
Transcripts,yes,Transcripts during vegetative growth - Wilhelm et al (2012),,,WT,972h-,"YES, standard temperature",vegetative growth,,RNA-Seq,Wilhelm,2012,18488015,E-MTAB-5,Arrayexpress,ERS078441,Transcripts - RNA-Seq - run34_s5 (ERS078441) - Wilhelm (2008),High throughput sequenceing of fission yeast to survey the dynamic repertoire of a eukaryotic transcriptome at the single nucleotide resolution,bigWig,https://www.pombase.org/external_datasets/ERP001075/ERS078441.bw
Transcripts,yes,"Transcripts during meiosis 0h in pat1-114 background, repeat 1 - Wilhelm et al (2012)",,pat1-114,WT,diploid,"nitrogen starvation, standard temperature",meiosis,,RNA-Seq,Wilhelm,2012,18488015,E-MTAB-5,Arrayexpress,ERS078458,Transcripts - RNA-Seq - run33_s1 (ERS078458) - Wilhelm (2008),High throughput sequenceing of fission yeast to survey the dynamic repertoire of a eukaryotic transcriptome at the single nucleotide resolution,bigWig,https://www.pombase.org/external_datasets/ERP001075/ERS078458.bw
Transcripts,yes,"Transcripts during meiosis 0h in pat1-114 background, repeat 2 - Wilhelm et al (2012)",,pat1-114,WT,diploid,"nitrogen starvation, standard temperature",meiosis,,RNA-Seq,Wilhelm,2012,18488015,E-MTAB-5,Arrayexpress,ERS078463,Transcripts - RNA-Seq - run33_s2 (ERS078463) - Wilhelm (2008),High throughput sequenceing of fission yeast to survey the dynamic repertoire of a eukaryotic transcriptome at the single nucleotide resolution,bigWig,https://www.pombase.org/external_datasets/ERP001075/ERS078463.bw
Transcripts,yes,"Transcripts during meiosis 0h in pat1-114 background, repeat 3 - Wilhelm et al (2012)",,pat1-114,WT,diploid,"nitrogen starvation, standard temperature",meiosis,,RNA-Seq,Wilhelm,2012,18488015,E-MTAB-5,Arrayexpress,ERS078457,Transcripts - RNA-Seq - run38_s1 (ERS078457) - Wilhelm (2008),High throughput sequenceing of fission yeast to survey the dynamic repertoire of a eukaryotic transcriptome at the single nucleotide resolution,bigWig,https://www.pombase.org/external_datasets/ERP001075/ERS078457.bw
Transcripts,yes,"Transcripts during meiosis 0h in pat1-114 background, repeat 4 - Wilhelm et al (2012)",,pat1-114,WT,diploid,"nitrogen starvation, standard temperature",meiosis,,RNA-Seq,Wilhelm,2012,18488015,E-MTAB-5,Arrayexpress,ERS078467,Transcripts - RNA-Seq - run38_s2 (ERS078467) - Wilhelm (2008),High throughput sequenceing of fission yeast to survey the dynamic repertoire of a eukaryotic transcriptome at the single nucleotide resolution,bigWig,https://www.pombase.org/external_datasets/ERP001075/ERS078467.bw
Transcripts,yes,"Transcripts during meiosis 1h+2h in pat1-114 background, repeat 1 - Wilhelm et al (2012)",,pat1-114,WT,diploid,"nitrogen starvation, high temperature",meiosis,,RNA-Seq,Wilhelm,2012,18488015,E-MTAB-5,Arrayexpress,ERS078451,Transcripts - RNA-Seq - run33_s3 (ERS078451) - Wilhelm (2008),High throughput sequenceing of fission yeast to survey the dynamic repertoire of a eukaryotic transcriptome at the single nucleotide resolution,bigWig,https://www.pombase.org/external_datasets/ERP001075/ERS078451.bw
Transcripts,yes,"Transcripts during meiosis 1h+2h in pat1-114 background, repeat 2 - Wilhelm et al (2012)",,pat1-114,WT,diploid,"nitrogen starvation, high temperature",meiosis,,RNA-Seq,Wilhelm,2012,18488015,E-MTAB-5,Arrayexpress,ERS078444,Transcripts - RNA-Seq - run33_s4 (ERS078444) - Wilhelm (2008),High throughput sequenceing of fission yeast to survey the dynamic repertoire of a eukaryotic transcriptome at the single nucleotide resolution,bigWig,https://www.pombase.org/external_datasets/ERP001075/ERS078444.bw
Transcripts,yes,"Transcripts during meiosis 1h+2h in pat1-114 background, repeat 3 - Wilhelm et al (2012)",,pat1-114,WT,diploid,"nitrogen starvation, high temperature",meiosis,,RNA-Seq,Wilhelm,2012,18488015,E-MTAB-5,Arrayexpress,ERS078465,Transcripts - RNA-Seq - run38_s3 (ERS078465) - Wilhelm (2008),High throughput sequenceing of fission yeast to survey the dynamic repertoire of a eukaryotic transcriptome at the single nucleotide resolution,bigWig,https://www.pombase.org/external_datasets/ERP001075/ERS078465.bw
Transcripts,yes,"Transcripts during meiosis 1h+2h in pat1-114 background, repeat 4 - Wilhelm et al (2012)",,pat1-114,WT,diploid,"nitrogen starvation, high temperature",meiosis,,RNA-Seq,Wilhelm,2012,18488015,E-MTAB-5,Arrayexpress,ERS078454,Transcripts - RNA-Seq - run38_s4 (ERS078454) - Wilhelm (2008),High throughput sequenceing of fission yeast to survey the dynamic repertoire of a eukaryotic transcriptome at the single nucleotide resolution,bigWig,https://www.pombase.org/external_datasets/ERP001075/ERS078454.bw
Transcripts,yes,"Transcripts during meiosis 3h+4h in pat1-114 background, repeat 1 - Wilhelm et al (2012)",,pat1-114,WT,diploid,"nitrogen starvation, high temperature",meiosis,,RNA-Seq,Wilhelm,2012,18488015,E-MTAB-5,Arrayexpress,ERS078449,Transcripts - RNA-Seq - run33_s5 (ERS078449) - Wilhelm (2008),High throughput sequenceing of fission yeast to survey the dynamic repertoire of a eukaryotic transcriptome at the single nucleotide resolution,bigWig,https://www.pombase.org/external_datasets/ERP001075/ERS078449.bw
Transcripts,yes,"Transcripts during meiosis 3h+4h in pat1-114 background, repeat 2 - Wilhelm et al (2012)",,pat1-114,WT,diploid,"nitrogen starvation, high temperature",meiosis,,RNA-Seq,Wilhelm,2012,18488015,E-MTAB-5,Arrayexpress,ERS078443,Transcripts - RNA-Seq - run33_s6 (ERS078443) - Wilhelm (2008),High throughput sequenceing of fission yeast to survey the dynamic repertoire of a eukaryotic transcriptome at the single nucleotide resolution,bigWig,https://www.pombase.org/external_datasets/ERP001075/ERS078443.bw
Transcripts,yes,"Transcripts during meiosis 3h+4h in pat1-114 background, repeat 3 - Wilhelm et al (2012)",,pat1-114,WT,diploid,"nitrogen starvation, high temperature",meiosis,,RNA-Seq,Wilhelm,2012,18488015,E-MTAB-5,Arrayexpress,ERS078442,Transcripts - RNA-Seq - run38_s5 (ERS078442) - Wilhelm (2008),High throughput sequenceing of fission yeast to survey the dynamic repertoire of a eukaryotic transcriptome at the single nucleotide resolution,bigWig,https://www.pombase.org/external_datasets/ERP001075/ERS078442.bw
Transcripts,yes,"Transcripts during meiosis 3h+4h in pat1-114 background, repeat 4 - Wilhelm et al (2012)",,pat1-114,WT,diploid,"nitrogen starvation, high temperature",meiosis,,RNA-Seq,Wilhelm,2012,18488015,E-MTAB-5,Arrayexpress,ERS078447,Transcripts - RNA-Seq - run38_s6 (ERS078447) - Wilhelm (2008),High throughput sequenceing of fission yeast to survey the dynamic repertoire of a eukaryotic transcriptome at the single nucleotide resolution,bigWig,https://www.pombase.org/external_datasets/ERP001075/ERS078447.bw
Transcripts,yes,"Transcripts during meiosis 5h+6h in pat1-114 background, repeat 1 - Wilhelm et al (2012)",,pat1-114,WT,diploid,"nitrogen starvation, high temperature",meiosis,,RNA-Seq,Wilhelm,2012,18488015,E-MTAB-5,Arrayexpress,ERS078440,Transcripts - RNA-Seq - run33_s7 (ERS078440) - Wilhelm (2008),High throughput sequenceing of fission yeast to survey the dynamic repertoire of a eukaryotic transcriptome at the single nucleotide resolution,bigWig,https://www.pombase.org/external_datasets/ERP001075/ERS078440.bw
Transcripts,yes,"Transcripts during meiosis 5h+6h in pat1-114 background, repeat 2 - Wilhelm et al (2012)",,pat1-114,WT,diploid,"nitrogen starvation, high temperature",meiosis,,RNA-Seq,Wilhelm,2012,18488015,E-MTAB-5,Arrayexpress,ERS078450,Transcripts - RNA-Seq - run34_s1 (ERS078450) - Wilhelm (2008),High throughput sequenceing of fission yeast to survey the dynamic repertoire of a eukaryotic transcriptome at the single nucleotide resolution,bigWig,https://www.pombase.org/external_datasets/ERP001075/ERS078450.bw
Transcripts,yes,"Transcripts during meiosis 5h+6h in pat1-114 background, repeat 3 - Wilhelm et al (2012)",,pat1-114,WT,diploid,"nitrogen starvation, high temperature",meiosis,,RNA-Seq,Wilhelm,2012,18488015,E-MTAB-5,Arrayexpress,ERS078456,Transcripts - RNA-Seq - run38_s7 (ERS078456) - Wilhelm (2008),High throughput sequenceing of fission yeast to survey the dynamic repertoire of a eukaryotic transcriptome at the single nucleotide resolution,bigWig,https://www.pombase.org/external_datasets/ERP001075/ERS078456.bw
Transcripts,yes,"Transcripts during meiosis 5h+6h in pat1-114 background, repeat 4 - Wilhelm et al (2012)",,pat1-114,WT,diploid,"nitrogen starvation, high temperature",meiosis,,RNA-Seq,Wilhelm,2012,18488015,E-MTAB-5,Arrayexpress,ERS078464,Transcripts - RNA-Seq - run38_s8 (ERS078464) - Wilhelm (2008),High throughput sequenceing of fission yeast to survey the dynamic repertoire of a eukaryotic transcriptome at the single nucleotide resolution,bigWig,https://www.pombase.org/external_datasets/ERP001075/ERS078464.bw
Transcripts,yes,"Transcripts during meiosis 7h+8h in pat1-114 background, repeat 1 - Wilhelm et al (2012)",,pat1-114,WT,diploid,"nitrogen starvation, high temperature",meiosis,,RNA-Seq,Wilhelm,2012,18488015,E-MTAB-5,Arrayexpress,ERS078462,Transcripts - RNA-Seq - run34_s2 (ERS078462) - Wilhelm (2008),High throughput sequenceing of fission yeast to survey the dynamic repertoire of a eukaryotic transcriptome at the single nucleotide resolution,bigWig,https://www.pombase.org/external_datasets/ERP001075/ERS078462.bw
Transcripts,yes,"Transcripts during meiosis 7h+8h in pat1-114 background, repeat 2 - Wilhelm et al (2012)",,pat1-114,WT,diploid,"nitrogen starvation, high temperature",meiosis,,RNA-Seq,Wilhelm,2012,18488015,E-MTAB-5,Arrayexpress,ERS078438,Transcripts - RNA-Seq - run34_s3 (ERS078438) - Wilhelm (2008),High throughput sequenceing of fission yeast to survey the dynamic repertoire of a eukaryotic transcriptome at the single nucleotide resolution,bigWig,https://www.pombase.org/external_datasets/ERP001075/ERS078438.bw
Transcripts,yes,"Transcripts during meiosis 7h+8h in pat1-114 background, repeat 3 - Wilhelm et al (2012)",,pat1-114,WT,diploid,"nitrogen starvation, high temperature",meiosis,,RNA-Seq,Wilhelm,2012,18488015,E-MTAB-5,Arrayexpress,ERS078446,Transcripts - RNA-Seq - run40_s7 (ERS078446) - Wilhelm (2008),High throughput sequenceing of fission yeast to survey the dynamic repertoire of a eukaryotic transcriptome at the single nucleotide resolution,bigWig,https://www.pombase.org/external_datasets/ERP001075/ERS078446.bw
Transcripts,yes,"Transcripts during meiosis 7h+8h in pat1-114 background, repeat 4 - Wilhelm et al (2012)",,pat1-114,WT,diploid,"nitrogen starvation, high temperature",meiosis,,RNA-Seq,Wilhelm,2012,18488015,E-MTAB-5,Arrayexpress,ERS078460,Transcripts - RNA-Seq - run40_s8 (ERS078460) - Wilhelm (2008),High throughput sequenceing of fission yeast to survey the dynamic repertoire of a eukaryotic transcriptome at the single nucleotide resolution,bigWig,https://www.pombase.org/external_datasets/ERP001075/ERS078460.bw
Transcripts,yes,"Transcripts during oxidative stress (15 min 0.5mM H2O2), repeat 1 - Wilhelm et al (2012)",,,WT,972h-,"H2O2, YES",oxidative stress,,RNA-Seq,Wilhelm,2012,18488015,E-MTAB-5,Arrayexpress,ERS078466,Transcripts - RNA-Seq - 67_s_1 (ERS078466) - Wilhelm (2008),High throughput sequenceing of fission yeast to survey the dynamic repertoire of a eukaryotic transcriptome at the single nucleotide resolution,bigWig,https://www.pombase.org/external_datasets/ERP001075/ERS078466.bw
Transcripts,yes,"Transcripts during oxidative stress (15 min 0.5mM H2O2), repeat 2 - Wilhelm et al (2012)",,,WT,972h-,"H2O2, YES",oxidative stress,,RNA-Seq,Wilhelm,2012,18488015,E-MTAB-5,Arrayexpress,ERS078448,Transcripts - RNA-Seq - 67_s_2 (ERS078448) - Wilhelm (2008),High throughput sequenceing of fission yeast to survey the dynamic repertoire of a eukaryotic transcriptome at the single nucleotide resolution,bigWig,https://www.pombase.org/external_datasets/ERP001075/ERS078448.bw
Transcripts,yes,"Transcripts during oxidative stress  (15 min 0.5mM H2O2), repeat 3 - Wilhelm et al (2012)",,,WT,972h-,"H2O2, YES",oxidative stress,,RNA-Seq,Wilhelm,2012,18488015,E-MTAB-5,Arrayexpress,ERS078461,Transcripts - RNA-Seq - 67_s_3 (ERS078461) - Wilhelm (2008),High throughput sequenceing of fission yeast to survey the dynamic repertoire of a eukaryotic transcriptome at the single nucleotide resolution,bigWig,https://www.pombase.org/external_datasets/ERP001075/ERS078461.bw
Transcripts,yes,"Transcripts during vegetative growth, repeat 1 - Wilhelm et al (2012)",,,WT,972h-,"YES, standard temperature",vegetative growth,,RNA-Seq,Wilhelm,2012,18488015,E-MTAB-5,Arrayexpress,ERS078452,Transcripts - RNA-Seq - IL2_22_SPombe (ERS078452 - Wilhelm (2008),High throughput sequenceing of fission yeast to survey the dynamic repertoire of a eukaryotic transcriptome at the single nucleotide resolution,bigWig,https://www.pombase.org/external_datasets/ERP001075/ERS078452.bw
Transcripts,yes,"Transcripts during vegetative growth, repeat 2 - Wilhelm et al (2012)",,,WT,972h-,"YES, standard temperature",vegetative growth,,RNA-Seq,Wilhelm,2012,18488015,E-MTAB-5,Arrayexpress,ERS078455,Transcripts - RNA-Seq - run34_s4 (ERS078455) - Wilhelm (2008),High throughput sequenceing of fission yeast to survey the dynamic repertoire of a eukaryotic transcriptome at the single nucleotide resolution,bigWig,https://www.pombase.org/external_datasets/ERP001075/ERS078455.bw
Transcripts,yes,"Transcripts in prp2-1 mutant, repeat 1 - Wilhelm et al (2012)",,,prp2-1,h-,high temperature,vegetative growth,,RNA-Seq,Wilhelm,2012,18488015,E-MTAB-5,Arrayexpress,ERS078445,Transcripts - RNA-Seq - 67_s_5 (ERS078445) - Wilhelm (2008),High throughput sequenceing of fission yeast to survey the dynamic repertoire of a eukaryotic transcriptome at the single nucleotide resolution,bigWig,https://www.pombase.org/external_datasets/ERP001075/ERS078445.bw
Transcripts,yes,"Transcripts in prp2-1 mutant, repeat 2 - Wilhelm et al (2012)",,,prp2-1,h-,high temperature,vegetative growth,,RNA-Seq,Wilhelm,2012,18488015,E-MTAB-5,Arrayexpress,ERS078468,Transcripts - RNA-Seq - 67_s_6 (ERS078468) - Wilhelm (2008),High throughput sequenceing of fission yeast to survey the dynamic repertoire of a eukaryotic transcriptome at the single nucleotide resolution,bigWig,https://www.pombase.org/external_datasets/ERP001075/ERS078468.bw
DNA duplex stability,yes,Position specific G(x) scores (free energy needed to separate a base pair) - Yadav et al (2012),,,WT,h-,,not specified,,SIDD,Yadav,2012,23163955,not specified,,,,,bed,
Genome sequence and features,yes,Consensus promoters (computationally matched),,,WT,h-,,not specified,,not specified,Wood,2012,22039153,not specified,,,,,bed,https://www.pombase.org/pombase_datasets/genome_sequence_and_features/feature_coordinates/TF_binding_motifs.bed
Transcription start sites,yes,Transcription start sites in glucose minimal medium (forward strand) - Thodberg et al (2018),,,WT,h-,glucose MM,vegetative growth,forward,CAGE,Thodberg,2018,xxx,GSE110976,GEO,"GSM3019616, GSM3019617, GSM3019618",,,bigWig,https://www.pombase.org/external_datasets/Thodberg_GSE110976/GSE110976_EMM_exp_plus.bw
Transcription start sites,yes,Transcription start sites in glucose minimal medium (reverse strand) - Thodberg et al (2018),,,WT,h-,glucose MM,vegetative growth,reverse,CAGE,Thodberg,2018,xxx,GSE110976,GEO,"GSM3019616, GSM3019617, GSM3019618",,,bigWig,https://www.pombase.org/external_datasets/Thodberg_GSE110976/GSE110976_EMM_exp_minus.bw
Transcription start sites,yes,Transcription start sites in YES (forward strand) - Thodberg et al (2018),,,WT,h-,YES,vegetative growth,forward,CAGE,Thodberg,2018,xxx,GSE110976,GEO,"GSM3019622, GSM3019623, GSM3019624",,,bigWig,https://www.pombase.org/external_datasets/Thodberg_GSE110976/GSE110976_YES_exp_plus.bw
Transcription start sites,yes,Transcription start sites in YES (reverse strand) - Thodberg et al (2018),,,WT,h-,YES,vegetative growth,reverse,CAGE,Thodberg,2018,xxx,GSE110976,GEO,"GSM3019622, GSM3019623, GSM3019624",,,bigWig,https://www.pombase.org/external_datasets/Thodberg_GSE110976/GSE110976_YES_exp_minus.bw
Transcription start sites,yes,Transcription start sites during heat shock (forward strand) - Thodberg et al (2018),,,WT,h-,"YES, heat shock",vegetative growth,forward,CAGE,Thodberg,2018,xxx,GSE110976,GEO,"GSM3019628, GSM3019629, GSM3019630",,,bigWig,https://www.pombase.org/external_datasets/Thodberg_GSE110976/GSE110976_YES_heat_plus.bw
Transcription start sites,yes,Transcription start sites during heat shock (reverse strand) - Thodberg et al (2018),,,WT,h-,"YES, heat shock",vegetative growth,reverse,CAGE,Thodberg,2018,xxx,GSE110976,GEO,"GSM3019628, GSM3019629, GSM3019630",,,bigWig,https://www.pombase.org/external_datasets/Thodberg_GSE110976/GSE110976_YES_heat_minus.bw
Transcription start sites,yes,Transcription start sites during oxidative stress (forward strand) - Thodberg et al (2018),,,WT,h-,"YES, H2O2",vegetative growth,forward,CAGE,Thodberg,2018,xxx,GSE110976,GEO,"GSM3019625, GSM3019626, GSM3019627",,,bigWig,https://www.pombase.org/external_datasets/Thodberg_GSE110976/GSE110976_YES_H2O2_plus.bw
Transcription start sites,yes,Transcription start sites during oxidative stress (reverse strand) - Thodberg et al (2018),,,WT,h-,"YES, H2O2",vegetative growth,reverse,CAGE,Thodberg,2018,xxx,GSE110976,GEO,"GSM3019625, GSM3019626, GSM3019627",,,bigWig,https://www.pombase.org/external_datasets/Thodberg_GSE110976/GSE110976_YES_H2O2_minus.bw
Transcription start sites,yes,Transcription start sites during nitrogen starvation (forward strand) - Thodberg et al (2018),,,WT,h-,"glucose MM, no nitrogen",vegetative growth,forward,CAGE,Thodberg,2018,xxx,GSE110976,GEO,"GSM3019619, GSM3019620, GSM3019621",,,bigWig,https://www.pombase.org/external_datasets/Thodberg_GSE110976/GSE110976_EMM_nitro_plus.bw
Transcription start sites,yes,Transcription start sites during nitrogen starvation (reverse strand) - Thodberg et al (2018),,,WT,h-,"glucose MM, no nitrogen",vegetative growth,reverse,CAGE,Thodberg,2018,xxx,GSE110976,GEO,"GSM3019619, GSM3019620, GSM3019621",,,bigWig,https://www.pombase.org/external_datasets/Thodberg_GSE110976/GSE110976_EMM_nitro_minus.bw
Transcription start sites,yes,Consensus transcription start sites - Thodberg et al (2018),,,WT,h-,"glucose MM, YES, YES & H2O2, YES & heatshock, glucose MM & no nitrogen",vegetative growth,both,CAGE,Thodberg,2018,xxx,GSE110976,GEO,GSE110976,,,bed,https://www.pombase.org/external_datasets/Thodberg_GSE110976/GSE110976_TSSs.bed